customer_id,churn,customer_gender,customer_SeniorCitizen,customer_Partner,customer_Dependents,tenure,phone_PhoneService,phone_MultipleLines,internet_InternetService,internet_OnlineSecurity,internet_OnlineBackup,internet_DeviceProtection,internet_TechSupport,internet_StreamingTV,internet_StreamingMovies,account_Contract,paperless_billing,payment_method,monthly_charge,total_charge,expected_total,diff_expected_minus_total,ratio_total_expected,missing_total,missing_monthly,missing_tenure,suspicious_evasion_flag,suspicion_reasons
0048-PIHNL,No,Female,0,Yes,No,49,Yes,No,No,No internet service,No internet service,No internet service,No internet service,No internet service,No internet service,One year,No,bank transfer (automatic),20.45,900.9,1002.05,101.14999999999998,0.8990569332867622,False,False,False,True,gap >2 months (gap=101.15)
0120-YZLQA,,Male,0,No,No,71,Yes,No,No,No internet service,No internet service,No internet service,No internet service,No internet service,No internet service,Two year,Yes,credit card (automatic),19.9,1355.1,1412.8999999999999,57.799999999999955,0.9590912308018968,False,False,False,True,gap >2 months (gap=57.80)
0201-MIBOL,No,Female,1,No,No,66,Yes,Yes,Fiber optic,Yes,No,No,No,Yes,Yes,Two year,Yes,bank transfer (automatic),102.4,6471.85,6758.400000000001,286.5500000000002,0.9576009114583333,False,False,False,True,gap >2 months (gap=286.55)
0254-FNMCI,No,Female,0,No,No,72,Yes,No,Fiber optic,Yes,Yes,Yes,Yes,Yes,Yes,Two year,Yes,electronic check,109.9,7624.2,7912.8,288.60000000000036,0.963527449196239,False,False,False,True,gap >2 months (gap=288.60)
0266-CLZKZ,No,Female,0,Yes,Yes,67,Yes,Yes,Fiber optic,No,No,Yes,Yes,Yes,Yes,Two year,Yes,bank transfer (automatic),105.65,6717.9,7078.55,360.65000000000055,0.9490502998495454,False,False,False,True,gap >2 months (gap=360.65)
0289-IVARM,No,Female,0,No,No,35,Yes,No,DSL,Yes,Yes,Yes,No,No,No,Month-to-month,No,electronic check,60.55,1982.6,2119.25,136.6500000000001,0.9355196413825645,False,False,False,True,gap >2 months (gap=136.65)
0303-UNCIP,No,Male,0,No,No,41,Yes,Yes,DSL,No,No,Yes,No,No,Yes,One year,No,mailed check,65.0,2531.8,2665.0,133.19999999999982,0.9500187617260789,False,False,False,True,gap >2 months (gap=133.20)
0334-ZFJSR,No,Female,0,Yes,No,55,Yes,Yes,DSL,Yes,Yes,No,Yes,No,No,One year,Yes,credit card (automatic),66.05,3462.1,3632.75,170.6500000000001,0.9530245681646136,False,False,False,True,gap >2 months (gap=170.65)
0402-CQAJN,Yes,Female,0,No,No,37,Yes,Yes,Fiber optic,No,Yes,Yes,No,Yes,Yes,Month-to-month,Yes,bank transfer (automatic),101.9,3545.35,3770.3,224.95000000000027,0.9403363127602578,False,False,False,True,gap >2 months (gap=224.95)
0402-OAMEN,No,Female,0,Yes,Yes,72,Yes,Yes,No,No internet service,No internet service,No internet service,No internet service,No internet service,No internet service,Two year,No,bank transfer (automatic),24.45,1709.1,1760.3999999999999,51.299999999999955,0.9708588957055215,False,False,False,True,gap >2 months (gap=51.30)
0508-SQWPL,No,Female,0,Yes,Yes,57,Yes,No,No,No internet service,No internet service,No internet service,No internet service,No internet service,No internet service,Two year,Yes,bank transfer (automatic),20.1,1087.7,1145.7,58.0,0.9493759273806407,False,False,False,True,gap >2 months (gap=58.00)
0559-CKHUS,No,Female,0,Yes,No,29,Yes,No,No,No internet service,No internet service,No internet service,No internet service,No internet service,No internet service,Two year,Yes,mailed check,19.55,521.8,566.95,45.15000000000009,0.9203633477378956,False,False,False,True,gap >2 months (gap=45.15)
0562-HKHML,No,Male,0,Yes,Yes,71,Yes,Yes,No,No internet service,No internet service,No internet service,No internet service,No internet service,No internet service,Two year,No,credit card (automatic),23.9,1626.4,1696.8999999999999,70.49999999999977,0.9584536507749427,False,False,False,True,gap >2 months (gap=70.50)
0580-PIQHM,No,Female,0,Yes,Yes,41,Yes,Yes,Fiber optic,Yes,Yes,Yes,No,No,Yes,One year,Yes,bank transfer (automatic),101.6,3930.55,4165.599999999999,235.04999999999927,0.9435735548300367,False,False,False,True,gap >2 months (gap=235.05)
0661-KBKPA,No,Male,0,Yes,Yes,53,Yes,Yes,DSL,No,No,Yes,Yes,Yes,Yes,One year,Yes,mailed check,78.75,3942.45,4173.75,231.30000000000018,0.9445822102425876,False,False,False,True,gap >2 months (gap=231.30)
0670-ANMUU,No,Male,0,No,No,71,Yes,Yes,Fiber optic,Yes,No,No,Yes,No,Yes,One year,No,credit card (automatic),97.65,6687.85,6933.150000000001,245.30000000000018,0.9646192567591931,False,False,False,True,gap >2 months (gap=245.30)
0744-GKNGE,No,Female,0,Yes,Yes,64,Yes,Yes,Fiber optic,Yes,No,No,Yes,No,No,Month-to-month,Yes,bank transfer (automatic),86.8,5327.25,5555.2,227.94999999999982,0.9589663738479263,False,False,False,True,gap >2 months (gap=227.95)
0769-MURVM,No,Female,0,Yes,Yes,72,No,No phone service,DSL,Yes,Yes,Yes,Yes,Yes,Yes,Two year,No,bank transfer (automatic),65.7,4575.35,4730.400000000001,155.05000000000018,0.9672226450194487,False,False,False,True,gap >2 months (gap=155.05)
0780-XNZFN,No,Male,0,No,No,57,Yes,No,No,No internet service,No internet service,No internet service,No internet service,No internet service,No internet service,Two year,No,bank transfer (automatic),20.65,1125.6,1177.05,51.450000000000045,0.9562890276538805,False,False,False,True,gap >2 months (gap=51.45)
0794-YVSGE,No,Male,0,Yes,Yes,72,Yes,No,No,No internet service,No internet service,No internet service,No internet service,No internet service,No internet service,Two year,No,bank transfer (automatic),20.3,1401.15,1461.6000000000001,60.450000000000045,0.9586412151067323,False,False,False,True,gap >2 months (gap=60.45)
0804-YGEQV,No,Female,0,Yes,Yes,43,Yes,Yes,No,No internet service,No internet service,No internet service,No internet service,No internet service,No internet service,One year,Yes,bank transfer (automatic),24.45,993.15,1051.35,58.19999999999993,0.9446426023683836,False,False,False,True,gap >2 months (gap=58.20)
0895-DQHEW,Yes,Male,0,Yes,No,54,Yes,Yes,Fiber optic,No,Yes,Yes,No,Yes,Yes,Month-to-month,Yes,electronic check,104.3,5278.15,5632.2,354.0500000000002,0.9371382408295159,False,False,False,True,gap >2 months (gap=354.05)
0898-XCGTF,No,Male,0,Yes,No,61,Yes,Yes,Fiber optic,No,No,No,No,Yes,Yes,One year,Yes,bank transfer (automatic),96.5,5673.7,5886.5,212.80000000000018,0.9638494861122908,False,False,False,True,gap >2 months (gap=212.80)
0969-RGKCU,No,Male,0,Yes,Yes,37,Yes,No,No,No internet service,No internet service,No internet service,No internet service,No internet service,No internet service,One year,No,credit card (automatic),19.8,677.05,732.6,55.55000000000007,0.9241741741741741,False,False,False,True,gap >2 months (gap=55.55)
0979-MOZQI,No,Male,0,Yes,No,62,No,No phone service,DSL,No,No,No,Yes,Yes,No,Two year,Yes,bank transfer (automatic),39.0,2337.45,2418.0,80.55000000000018,0.9666873449131513,False,False,False,True,gap >2 months (gap=80.55)
0993-OSGPT,No,Female,1,Yes,No,68,Yes,No,DSL,No,Yes,Yes,Yes,No,No,One year,Yes,bank transfer (automatic),60.65,3975.9,4124.2,148.29999999999973,0.9640415110809369,False,False,False,True,gap >2 months (gap=148.30)
1022-RKXDR,No,Female,0,No,No,41,Yes,Yes,No,No internet service,No internet service,No internet service,No internet service,No internet service,No internet service,One year,Yes,mailed check,24.85,962.25,1018.85,56.60000000000002,0.9444471708298572,False,False,False,True,gap >2 months (gap=56.60)
1043-YCUTE,Yes,Male,0,Yes,No,56,Yes,Yes,No,No internet service,No internet service,No internet service,No internet service,No internet service,No internet service,Two year,Yes,credit card (automatic),25.15,1327.15,1408.3999999999999,81.24999999999977,0.9423104231752345,False,False,False,True,gap >2 months (gap=81.25)
1051-EQPZR,No,Female,0,Yes,Yes,44,Yes,No,No,No internet service,No internet service,No internet service,No internet service,No internet service,No internet service,Month-to-month,No,mailed check,19.6,780.25,862.4000000000001,82.15000000000009,0.9047425788497216,False,False,False,True,gap >2 months (gap=82.15)
1167-OYZJF,No,Female,1,Yes,No,67,Yes,No,No,No internet service,No internet service,No internet service,No internet service,No internet service,No internet service,Two year,Yes,bank transfer (automatic),20.05,1263.05,1343.3500000000001,80.30000000000018,0.9402240666989242,False,False,False,True,gap >2 months (gap=80.30)
1171-TYKUR,No,Male,0,Yes,No,47,Yes,Yes,No,No internet service,No internet service,No internet service,No internet service,No internet service,No internet service,Month-to-month,No,electronic check,25.4,1139.2,1193.8,54.59999999999991,0.9542636957614341,False,False,False,True,gap >2 months (gap=54.60)
1221-GHZEP,No,Female,0,No,No,62,Yes,No,DSL,Yes,No,No,Yes,No,Yes,Two year,Yes,mailed check,65.1,3846.75,4036.2,189.44999999999982,0.9530622863089044,False,False,False,True,gap >2 months (gap=189.45)
1222-KJNZD,No,Male,0,Yes,Yes,40,Yes,No,No,No internet service,No internet service,No internet service,No internet service,No internet service,No internet service,Month-to-month,Yes,bank transfer (automatic),20.4,745.3,816.0,70.70000000000005,0.9133578431372549,False,False,False,True,gap >2 months (gap=70.70)
1231-YNDEK,No,Male,0,No,No,58,Yes,No,No,No internet service,No internet service,No internet service,No internet service,No internet service,No internet service,Two year,Yes,bank transfer (automatic),19.15,1035.5,1110.6999999999998,75.19999999999982,0.9322949491311787,False,False,False,True,gap >2 months (gap=75.20)
1248-DYXUB,No,Male,0,Yes,Yes,52,Yes,Yes,No,No internet service,No internet service,No internet service,No internet service,No internet service,No internet service,Two year,No,mailed check,24.8,1229.1,1289.6000000000001,60.50000000000023,0.9530862282878411,False,False,False,True,gap >2 months (gap=60.50)
1304-SEGFY,No,Female,0,Yes,No,72,Yes,Yes,Fiber optic,No,No,Yes,No,Yes,Yes,Two year,Yes,electronic check,97.85,6841.3,7045.2,203.89999999999964,0.9710583092034293,False,False,False,True,gap >2 months (gap=203.90)
1314-HQHAL,,Male,0,No,No,58,Yes,No,No,No internet service,No internet service,No internet service,No internet service,No internet service,No internet service,Two year,No,credit card (automatic),20.3,1131.5,1177.4,45.90000000000009,0.9610157975199591,False,False,False,True,gap >2 months (gap=45.90)
1403-GYAFU,No,Male,0,Yes,Yes,70,Yes,No,No,No internet service,No internet service,No internet service,No internet service,No internet service,No internet service,Two year,No,credit card (automatic),20.05,1360.25,1403.5,43.25,0.96918418240114,False,False,False,True,gap >2 months (gap=43.25)
1403-LKLIK,No,Female,0,Yes,Yes,33,Yes,No,No,No internet service,No internet service,No internet service,No internet service,No internet service,No internet service,One year,No,mailed check,20.1,579.4,663.3000000000001,83.90000000000009,0.8735112317201869,False,False,False,True,gap >2 months (gap=83.90)
1414-YADCW,No,Male,0,Yes,No,70,Yes,No,Fiber optic,Yes,Yes,No,Yes,No,No,Two year,No,bank transfer (automatic),84.6,5706.2,5922.0,215.80000000000018,0.9635596082404593,False,False,False,True,gap >2 months (gap=215.80)
1439-LCGVL,No,Female,0,Yes,No,26,Yes,No,No,No internet service,No internet service,No internet service,No internet service,No internet service,No internet service,One year,No,mailed check,19.2,459.6,499.2,39.599999999999966,0.920673076923077,False,False,False,True,gap >2 months (gap=39.60)
1485-YDHMM,No,Male,0,Yes,Yes,52,Yes,Yes,Fiber optic,No,Yes,No,Yes,No,Yes,Month-to-month,Yes,bank transfer (automatic),93.25,4631.7,4849.0,217.30000000000018,0.9551866364198803,False,False,False,True,gap >2 months (gap=217.30)
1535-VTJOQ,No,Female,0,No,No,24,Yes,Yes,No,No internet service,No internet service,No internet service,No internet service,No internet service,No internet service,Two year,No,credit card (automatic),25.15,553.0,603.5999999999999,50.59999999999991,0.9161696487740226,False,False,False,True,gap >2 months (gap=50.60)
1555-DJEQW,Yes,Female,0,Yes,Yes,70,Yes,Yes,Fiber optic,Yes,Yes,Yes,Yes,Yes,Yes,Two year,Yes,bank transfer (automatic),114.2,7723.9,7994.0,270.10000000000036,0.9662121591193394,False,False,False,True,gap >2 months (gap=270.10)
1619-YWUBB,No,Female,0,Yes,No,68,Yes,Yes,No,No internet service,No internet service,No internet service,No internet service,No internet service,No internet service,Two year,Yes,credit card (automatic),24.95,1614.9,1696.6,81.69999999999982,0.9518448662029944,False,False,False,True,gap >2 months (gap=81.70)
1676-BZZYV,,Male,0,Yes,Yes,55,Yes,No,No,No internet service,No internet service,No internet service,No internet service,No internet service,No internet service,One year,No,mailed check,19.5,1026.35,1072.5,46.15000000000009,0.9569696969696969,False,False,False,True,gap >2 months (gap=46.15)
1744-JHKYS,No,Female,0,Yes,No,34,Yes,Yes,No,No internet service,No internet service,No internet service,No internet service,No internet service,No internet service,Month-to-month,No,electronic check,24.7,780.2,839.8,59.59999999999991,0.9290307216003811,False,False,False,True,gap >2 months (gap=59.60)
1760-CAZHT,No,Male,0,No,Yes,25,Yes,No,No,No internet service,No internet service,No internet service,No internet service,No internet service,No internet service,Month-to-month,No,mailed check,20.8,460.2,520.0,59.80000000000001,0.885,False,False,False,True,gap >2 months (gap=59.80)
1764-VUUMT,No,Male,0,No,Yes,66,Yes,No,No,No internet service,No internet service,No internet service,No internet service,No internet service,No internet service,Two year,No,credit card (automatic),19.95,1269.1,1316.7,47.600000000000136,0.9638490164805953,False,False,False,True,gap >2 months (gap=47.60)
1834-WULEG,No,Male,0,Yes,Yes,24,Yes,No,No,No internet service,No internet service,No internet service,No internet service,No internet service,No internet service,One year,No,mailed check,20.25,439.75,486.0,46.25,0.904835390946502,False,False,False,True,gap >2 months (gap=46.25)
1839-UMACK,No,Male,0,No,No,42,Yes,Yes,No,No internet service,No internet service,No internet service,No internet service,No internet service,No internet service,One year,No,electronic check,25.05,949.85,1052.1000000000001,102.25000000000011,0.9028134207774925,False,False,False,True,gap >2 months (gap=102.25)
1852-QSWCD,No,Male,0,Yes,Yes,64,Yes,Yes,No,No internet service,No internet service,No internet service,No internet service,No internet service,No internet service,Two year,Yes,mailed check,24.8,1514.85,1587.2,72.35000000000014,0.9544165826612903,False,False,False,True,gap >2 months (gap=72.35)
1929-ZCBHE,No,Male,0,Yes,Yes,47,No,No phone service,DSL,Yes,No,Yes,Yes,No,No,One year,No,electronic check,40.3,1794.8,1894.1,99.29999999999995,0.9475740457209229,False,False,False,True,gap >2 months (gap=99.30)
1934-MKPXS,No,Male,0,Yes,Yes,33,Yes,No,No,No internet service,No internet service,No internet service,No internet service,No internet service,No internet service,One year,No,credit card (automatic),20.1,620.55,663.3000000000001,42.750000000000114,0.9355495251017637,False,False,False,True,gap >2 months (gap=42.75)
1982-FEBTD,No,Female,0,Yes,Yes,23,Yes,Yes,No,No internet service,No internet service,No internet service,No internet service,No internet service,No internet service,Two year,Yes,credit card (automatic),25.6,514.75,588.8000000000001,74.05000000000007,0.8742357336956521,False,False,False,True,gap >2 months (gap=74.05)
1985-MBRYP,No,Female,0,No,No,43,Yes,No,No,No internet service,No internet service,No internet service,No internet service,No internet service,No internet service,Two year,Yes,bank transfer (automatic),19.65,779.25,844.9499999999999,65.69999999999993,0.9222439197585657,False,False,False,True,gap >2 months (gap=65.70)
2038-YSEZE,No,Female,0,No,No,29,Yes,Yes,DSL,Yes,Yes,No,Yes,No,No,Month-to-month,No,mailed check,67.45,1801.1,1956.0500000000002,154.95000000000027,0.9207842335318626,False,False,False,True,gap >2 months (gap=154.95)
2085-JVGAD,No,Male,0,Yes,No,37,Yes,No,No,No internet service,No internet service,No internet service,No internet service,No internet service,No internet service,Month-to-month,No,bank transfer (automatic),20.35,697.65,752.95,55.30000000000007,0.9265555481771697,False,False,False,True,gap >2 months (gap=55.30)
2108-YKQTY,Yes,Female,0,No,No,4,Yes,No,DSL,No,Yes,No,No,No,No,Month-to-month,No,credit card (automatic),50.7,151.3,202.8,51.5,0.7460552268244576,False,False,False,True,paid <75% expected (ratio=0.75)
2162-FRZAA,No,Male,0,Yes,Yes,63,No,No phone service,DSL,No,Yes,Yes,Yes,No,No,Two year,No,bank transfer (automatic),39.35,2395.05,2479.05,84.0,0.9661160525201186,False,False,False,True,gap >2 months (gap=84.00)
2181-TIDSV,No,Male,0,Yes,Yes,68,Yes,No,No,No internet service,No internet service,No internet service,No internet service,No internet service,No internet service,Two year,Yes,bank transfer (automatic),19.95,1303.25,1356.6,53.34999999999991,0.9606737431814831,False,False,False,True,gap >2 months (gap=53.35)
2211-RMNHO,No,Female,0,Yes,Yes,68,Yes,Yes,DSL,No,Yes,Yes,Yes,Yes,Yes,Two year,No,bank transfer (automatic),85.3,5560.0,5800.4,240.39999999999964,0.9585545824425902,False,False,False,True,gap >2 months (gap=240.40)
2230-XTUWL,No,Female,0,Yes,Yes,48,Yes,No,No,No internet service,No internet service,No internet service,No internet service,No internet service,No internet service,Two year,No,mailed check,19.55,883.35,938.4000000000001,55.05000000000007,0.9413363171355498,False,False,False,True,gap >2 months (gap=55.05)
2235-EZAIK,No,Female,0,Yes,No,72,Yes,Yes,DSL,Yes,Yes,Yes,Yes,Yes,No,Two year,No,credit card (automatic),79.2,5401.9,5702.400000000001,300.5000000000009,0.9473028900112231,False,False,False,True,gap >2 months (gap=300.50)
2236-HILPA,No,Male,0,Yes,Yes,62,Yes,No,No,No internet service,No internet service,No internet service,No internet service,No internet service,No internet service,Two year,No,credit card (automatic),20.65,1218.45,1280.3,61.84999999999991,0.9516910099195501,False,False,False,True,gap >2 months (gap=61.85)
2263-SFSQZ,No,Male,0,Yes,Yes,51,Yes,Yes,No,No internet service,No internet service,No internet service,No internet service,No internet service,No internet service,Two year,Yes,mailed check,24.95,1222.25,1272.45,50.200000000000045,0.9605485480765452,False,False,False,True,gap >2 months (gap=50.20)
2272-WUSPA,No,Female,0,Yes,No,72,Yes,Yes,Fiber optic,Yes,Yes,Yes,No,Yes,Yes,Two year,Yes,electronic check,110.75,7751.7,7974.0,222.30000000000018,0.9721218961625282,False,False,False,True,gap >2 months (gap=222.30)
2296-DKZFP,No,Female,0,Yes,No,65,Yes,No,DSL,Yes,Yes,Yes,No,No,Yes,Two year,No,bank transfer (automatic),71.0,4386.2,4615.0,228.80000000000018,0.9504225352112675,False,False,False,True,gap >2 months (gap=228.80)
2314-TNDJQ,No,Female,0,Yes,Yes,72,No,No phone service,DSL,Yes,Yes,Yes,Yes,No,Yes,Two year,No,credit card (automatic),55.65,3880.05,4006.7999999999997,126.74999999999955,0.9683662773285416,False,False,False,True,gap >2 months (gap=126.75)
2378-YIZKA,No,Female,0,Yes,Yes,68,Yes,No,DSL,Yes,Yes,Yes,Yes,Yes,Yes,Two year,Yes,credit card (automatic),85.0,5607.75,5780.0,172.25,0.9701989619377163,False,False,False,True,gap >2 months (gap=172.25)
2387-KDZQY,No,Male,0,No,No,17,Yes,No,No,No internet service,No internet service,No internet service,No internet service,No internet service,No internet service,One year,Yes,mailed check,20.1,279.5,341.70000000000005,62.200000000000045,0.8179689786362305,False,False,False,True,gap >2 months (gap=62.20)
2430-RRYUW,No,Male,0,No,No,66,Yes,No,DSL,Yes,Yes,No,No,No,No,One year,Yes,mailed check,54.8,3465.7,3616.7999999999997,151.0999999999999,0.9582227383322274,False,False,False,True,gap >2 months (gap=151.10)
2460-FPSYH,Yes,Female,1,No,No,40,No,No phone service,DSL,Yes,Yes,No,No,Yes,Yes,Month-to-month,Yes,electronic check,55.8,2109.35,2232.0,122.65000000000009,0.9450492831541218,False,False,False,True,gap >2 months (gap=122.65)
2480-EJWYP,No,Female,1,Yes,No,58,Yes,Yes,Fiber optic,No,Yes,No,No,Yes,Yes,One year,Yes,bank transfer (automatic),97.8,5458.8,5672.4,213.59999999999945,0.9623439813835415,False,False,False,True,gap >2 months (gap=213.60)
2511-MORQY,No,Male,0,Yes,Yes,50,Yes,Yes,DSL,No,No,Yes,No,No,No,One year,No,bank transfer (automatic),54.9,2614.1,2745.0,130.9000000000001,0.9523132969034608,False,False,False,True,gap >2 months (gap=130.90)
2525-GVKQU,No,Female,0,No,No,60,Yes,No,No,No internet service,No internet service,No internet service,No internet service,No internet service,No internet service,Two year,No,mailed check,20.6,1093.0,1236.0,143.0,0.8843042071197411,False,False,False,True,gap >2 months (gap=143.00)
2560-QTSBS,No,Female,0,Yes,Yes,72,Yes,Yes,No,No internet service,No internet service,No internet service,No internet service,No internet service,No internet service,One year,Yes,bank transfer (automatic),23.3,1623.15,1677.6000000000001,54.450000000000045,0.9675429184549356,False,False,False,True,gap >2 months (gap=54.45)
2560-WBWXF,No,Male,0,No,No,68,Yes,Yes,No,No internet service,No internet service,No internet service,No internet service,No internet service,No internet service,Two year,Yes,bank transfer (automatic),24.15,1498.85,1642.1999999999998,143.3499999999999,0.9127085616855438,False,False,False,True,gap >2 months (gap=143.35)
2569-WGERO,No,Female,0,No,No,72,Yes,No,No,No internet service,No internet service,No internet service,No internet service,No internet service,No internet service,Two year,Yes,bank transfer (automatic),21.15,1419.4,1522.8,103.39999999999986,0.9320987654320989,False,False,False,True,gap >2 months (gap=103.40)
2632-TACXW,No,Female,0,Yes,No,62,Yes,Yes,No,No internet service,No internet service,No internet service,No internet service,No internet service,No internet service,Two year,No,bank transfer (automatic),23.65,1416.75,1466.3,49.549999999999955,0.9662074609561482,False,False,False,True,gap >2 months (gap=49.55)
2650-GYRYL,No,Male,0,Yes,Yes,33,Yes,No,No,No internet service,No internet service,No internet service,No internet service,No internet service,No internet service,One year,Yes,bank transfer (automatic),19.45,600.25,641.85,41.60000000000002,0.9351873490690971,False,False,False,True,gap >2 months (gap=41.60)
2675-IJRGJ,No,Male,0,No,No,53,Yes,No,No,No internet service,No internet service,No internet service,No internet service,No internet service,No internet service,Two year,No,bank transfer (automatic),19.65,978.0,1041.4499999999998,63.44999999999982,0.9390753276681552,False,False,False,True,gap >2 months (gap=63.45)
2696-RZVZW,No,Male,0,Yes,No,68,Yes,Yes,No,No internet service,No internet service,No internet service,No internet service,No internet service,No internet service,Two year,No,credit card (automatic),25.05,1629.2,1703.4,74.20000000000005,0.9564400610543619,False,False,False,True,gap >2 months (gap=74.20)
2796-UUZZO,No,Male,0,Yes,Yes,63,Yes,No,Fiber optic,No,Yes,Yes,No,No,No,Month-to-month,Yes,credit card (automatic),80.3,4896.35,5058.9,162.54999999999927,0.9678685089643995,False,False,False,True,gap >2 months (gap=162.55)
2812-REYAT,No,Female,0,Yes,No,49,Yes,No,No,No internet service,No internet service,No internet service,No internet service,No internet service,No internet service,One year,Yes,bank transfer (automatic),20.05,923.1,982.45,59.35000000000002,0.9395898010076849,False,False,False,True,gap >2 months (gap=59.35)
2824-MYYBN,No,Female,0,Yes,Yes,37,Yes,Yes,Fiber optic,No,No,No,No,Yes,Yes,Month-to-month,Yes,electronic check,95.25,3314.15,3524.25,210.0999999999999,0.9403844789671562,False,False,False,True,gap >2 months (gap=210.10)
2892-GESUL,No,Female,0,Yes,Yes,18,Yes,No,No,No internet service,No internet service,No internet service,No internet service,No internet service,No internet service,Two year,No,mailed check,19.35,309.25,348.3,39.05000000000001,0.8878840080390468,False,False,False,True,gap >2 months (gap=39.05)
2954-PIBKO,No,Female,0,Yes,Yes,69,Yes,Yes,DSL,Yes,No,Yes,Yes,No,No,Two year,Yes,credit card (automatic),64.15,4254.1,4426.35,172.25,0.961085318603364,False,False,False,True,gap >2 months (gap=172.25)
2957-JIRMN,No,Female,1,No,No,62,Yes,Yes,Fiber optic,No,No,No,No,Yes,No,One year,No,electronic check,84.45,4959.15,5235.900000000001,276.7500000000009,0.947143757520197,False,False,False,True,gap >2 months (gap=276.75)
2969-VAPYH,No,Female,0,No,No,67,Yes,No,DSL,Yes,Yes,No,Yes,No,No,One year,No,credit card (automatic),60.5,3870.0,4053.5,183.5,0.9547304798322438,False,False,False,True,gap >2 months (gap=183.50)
3002-WQZWT,No,Female,0,No,No,29,Yes,Yes,Fiber optic,No,No,No,No,No,No,Month-to-month,Yes,electronic check,74.2,1993.25,2151.8,158.55000000000018,0.9263175016265451,False,False,False,True,gap >2 months (gap=158.55)
3055-VTCGS,No,Female,0,No,No,63,Yes,No,DSL,No,No,Yes,No,No,Yes,One year,No,credit card (automatic),58.55,3503.5,3688.6499999999996,185.14999999999964,0.9498054843913085,False,False,False,True,gap >2 months (gap=185.15)
3062-ICYZQ,No,Female,0,Yes,Yes,51,Yes,Yes,Fiber optic,Yes,Yes,No,No,No,Yes,Month-to-month,Yes,electronic check,93.8,4539.35,4783.8,244.44999999999982,0.94890045570467,False,False,False,True,gap >2 months (gap=244.45)
3082-WQRVY,No,Male,1,Yes,No,14,Yes,No,No,No internet service,No internet service,No internet service,No internet service,No internet service,No internet service,One year,No,mailed check,19.65,228.65,275.09999999999997,46.44999999999996,0.8311523082515451,False,False,False,True,gap >2 months (gap=46.45)
3086-RUCRN,No,Female,0,No,No,66,Yes,Yes,Fiber optic,Yes,Yes,Yes,Yes,No,Yes,Month-to-month,Yes,bank transfer (automatic),103.1,6595.0,6804.599999999999,209.59999999999945,0.9691973077036123,False,False,False,True,gap >2 months (gap=209.60)
3108-PCCGG,No,Male,1,Yes,No,72,Yes,Yes,DSL,Yes,Yes,Yes,No,Yes,Yes,Two year,No,credit card (automatic),84.45,5899.85,6080.400000000001,180.55000000000018,0.9703062298532991,False,False,False,True,gap >2 months (gap=180.55)
3120-FAZKD,No,Male,0,Yes,Yes,54,Yes,Yes,No,No internet service,No internet service,No internet service,No internet service,No internet service,No internet service,Two year,Yes,bank transfer (automatic),24.05,1230.9,1298.7,67.79999999999995,0.9477939477939479,False,False,False,True,gap >2 months (gap=67.80)
3161-PJNCN,,Female,1,Yes,No,67,Yes,No,No,No internet service,No internet service,No internet service,No internet service,No internet service,No internet service,Two year,Yes,bank transfer (automatic),20.05,1263.05,1343.3500000000001,80.30000000000018,0.9402240666989242,False,False,False,True,gap >2 months (gap=80.30)
3170-NMYVV,No,Female,0,Yes,Yes,50,Yes,No,No,No internet service,No internet service,No internet service,No internet service,No internet service,No internet service,Two year,No,bank transfer (automatic),20.15,930.9,1007.4999999999999,76.59999999999991,0.9239702233250621,False,False,False,True,gap >2 months (gap=76.60)
3190-ITQXP,No,Female,0,Yes,Yes,46,Yes,No,No,No internet service,No internet service,No internet service,No internet service,No internet service,No internet service,Two year,No,bank transfer (automatic),20.25,890.35,931.5,41.14999999999998,0.9558239398819109,False,False,False,True,gap >2 months (gap=41.15)
3258-SYSWS,No,Male,1,No,No,72,Yes,Yes,Fiber optic,Yes,Yes,Yes,Yes,Yes,Yes,Two year,No,bank transfer (automatic),113.8,7845.8,8193.6,347.8000000000002,0.9575522358914275,False,False,False,True,gap >2 months (gap=347.80)
3262-EIDHV,No,Female,0,Yes,Yes,72,Yes,Yes,DSL,Yes,No,Yes,Yes,Yes,Yes,Two year,No,credit card (automatic),84.7,5893.9,6098.400000000001,204.5000000000009,0.9664666141938868,False,False,False,True,gap >2 months (gap=204.50)
3285-UCQVC,Yes,Female,0,No,No,37,No,No phone service,DSL,No,No,No,Yes,No,No,Month-to-month,No,credit card (automatic),28.6,973.55,1058.2,84.65000000000009,0.9200056700056699,False,False,False,True,gap >2 months (gap=84.65)
3345-CSCIA,,Male,0,No,No,68,Yes,Yes,DSL,Yes,Yes,Yes,No,No,Yes,One year,Yes,credit card (automatic),76.9,5023.0,5229.200000000001,206.20000000000073,0.9605675820393176,False,False,False,True,gap >2 months (gap=206.20)
3345-JHUEO,No,Male,0,No,No,4,Yes,No,No,No internet service,No internet service,No internet service,No internet service,No internet service,No internet service,Month-to-month,Yes,electronic check,20.2,55.7,80.8,25.099999999999994,0.6893564356435644,False,False,False,True,paid <75% expected (ratio=0.69)
3378-AJRAO,No,Male,0,Yes,Yes,44,Yes,Yes,No,No internet service,No internet service,No internet service,No internet service,No internet service,No internet service,One year,No,electronic check,24.85,1013.6,1093.4,79.80000000000007,0.9270166453265044,False,False,False,True,gap >2 months (gap=79.80)
3400-ESFUW,Yes,Male,0,Yes,Yes,55,Yes,No,DSL,Yes,Yes,No,Yes,No,No,Two year,No,bank transfer (automatic),57.55,3046.4,3165.25,118.84999999999991,0.9624516230945424,False,False,False,True,gap >2 months (gap=118.85)
3413-DHLPB,No,Male,0,Yes,Yes,60,Yes,Yes,Fiber optic,No,Yes,No,Yes,Yes,Yes,Month-to-month,Yes,bank transfer (automatic),103.75,5969.95,6225.0,255.05000000000018,0.9590281124497991,False,False,False,True,gap >2 months (gap=255.05)
3442-ZHHCC,No,Male,0,No,No,68,Yes,Yes,DSL,Yes,Yes,Yes,No,No,Yes,One year,Yes,credit card (automatic),76.9,5023.0,5229.200000000001,206.20000000000073,0.9605675820393176,False,False,False,True,gap >2 months (gap=206.20)
3452-ABWRL,No,Male,1,No,No,47,Yes,Yes,Fiber optic,No,No,No,No,Yes,No,Month-to-month,Yes,credit card (automatic),86.05,3865.6,4044.35,178.75,0.9558025393450121,False,False,False,True,gap >2 months (gap=178.75)
3486-KHMLI,No,Male,0,No,Yes,21,Yes,Yes,No,No internet service,No internet service,No internet service,No internet service,No internet service,No internet service,Month-to-month,No,mailed check,24.7,467.15,518.6999999999999,51.549999999999955,0.9006169269327164,False,False,False,True,gap >2 months (gap=51.55)
3486-NPGST,No,Female,0,No,No,36,Yes,No,No,No internet service,No internet service,No internet service,No internet service,No internet service,No internet service,One year,No,mailed check,19.55,620.75,703.8000000000001,83.05000000000007,0.8819977266268826,False,False,False,True,gap >2 months (gap=83.05)
3508-VLHCZ,No,Female,0,Yes,Yes,71,Yes,Yes,DSL,Yes,Yes,Yes,Yes,Yes,Yes,Two year,Yes,credit card (automatic),90.55,6239.05,6429.05,190.0,0.970446644527574,False,False,False,True,gap >2 months (gap=190.00)
3551-GAEGL,No,Male,0,Yes,Yes,34,No,No phone service,DSL,Yes,No,No,No,No,No,One year,No,bank transfer (automatic),30.4,938.65,1033.6,94.94999999999993,0.9081366099071208,False,False,False,True,gap >2 months (gap=94.95)
3612-YUNGG,No,Male,0,Yes,Yes,64,Yes,Yes,Fiber optic,No,Yes,Yes,Yes,Yes,Yes,Two year,Yes,credit card (automatic),109.2,6741.15,6988.8,247.65000000000055,0.9645647321428571,False,False,False,True,gap >2 months (gap=247.65)
3612-YVGSJ,No,Female,0,Yes,No,71,Yes,Yes,No,No internet service,No internet service,No internet service,No internet service,No internet service,No internet service,Two year,Yes,credit card (automatic),24.45,1681.6,1735.95,54.350000000000136,0.968691494570696,False,False,False,True,gap >2 months (gap=54.35)
3635-QQRQD,No,Male,0,No,No,62,Yes,No,No,No internet service,No internet service,No internet service,No internet service,No internet service,No internet service,Two year,Yes,credit card (automatic),20.05,1201.65,1243.1000000000001,41.450000000000045,0.9666559407931783,False,False,False,True,gap >2 months (gap=41.45)
3646-ITDGM,No,Female,0,No,No,56,Yes,No,No,No internet service,No internet service,No internet service,No internet service,No internet service,No internet service,Two year,No,bank transfer (automatic),19.7,1051.9,1103.2,51.299999999999955,0.9534989122552575,False,False,False,True,gap >2 months (gap=51.30)
3649-JPUGY,No,Male,0,No,No,72,Yes,Yes,DSL,No,Yes,Yes,Yes,Yes,Yes,Two year,Yes,bank transfer (automatic),88.6,6201.95,6379.2,177.25,0.9722143842488086,False,False,False,True,gap >2 months (gap=177.25)
3653-NCRDJ,No,Male,0,Yes,Yes,43,Yes,No,No,No internet service,No internet service,No internet service,No internet service,No internet service,No internet service,One year,Yes,mailed check,19.2,776.25,825.6,49.35000000000002,0.9402252906976744,False,False,False,True,gap >2 months (gap=49.35)
3662-FXJFO,No,Female,0,No,No,54,Yes,No,No,No internet service,No internet service,No internet service,No internet service,No internet service,No internet service,Two year,Yes,mailed check,20.5,1035.7,1107.0,71.29999999999995,0.9355916892502258,False,False,False,True,gap >2 months (gap=71.30)
3714-NTNFO,No,Female,0,No,No,49,Yes,Yes,Fiber optic,No,No,No,No,No,Yes,Month-to-month,Yes,electronic check,84.5,3906.7,4140.5,233.80000000000018,0.9435333896872358,False,False,False,True,gap >2 months (gap=233.80)
3768-VHXQO,No,Male,0,Yes,No,67,Yes,Yes,No,No internet service,No internet service,No internet service,No internet service,No internet service,No internet service,Two year,No,credit card (automatic),24.85,1583.5,1664.95,81.45000000000005,0.9510796120003604,False,False,False,True,gap >2 months (gap=81.45)
3777-XROBG,No,Female,0,Yes,Yes,58,Yes,No,No,No internet service,No internet service,No internet service,No internet service,No internet service,No internet service,Two year,No,credit card (automatic),19.55,1079.65,1133.9,54.25,0.9521562748037746,False,False,False,True,gap >2 months (gap=54.25)
3810-PJUHR,No,Male,0,Yes,Yes,70,Yes,Yes,No,No internet service,No internet service,No internet service,No internet service,No internet service,No internet service,Two year,No,mailed check,25.35,1715.15,1774.5,59.34999999999991,0.9665539588616512,False,False,False,True,gap >2 months (gap=59.35)
3891-NLXJB,No,Male,0,No,No,37,No,No phone service,DSL,Yes,Yes,No,Yes,No,No,Two year,Yes,mailed check,40.55,1390.85,1500.35,109.5,0.927017029359816,False,False,False,True,gap >2 months (gap=109.50)
3963-RYFNS,No,Female,0,No,No,72,Yes,Yes,Fiber optic,Yes,Yes,Yes,Yes,Yes,Yes,Two year,Yes,bank transfer (automatic),116.45,8013.55,8384.4,370.84999999999945,0.9557690472782787,False,False,False,True,gap >2 months (gap=370.85)
3970-XGJDU,No,Female,0,No,No,62,Yes,No,No,No internet service,No internet service,No internet service,No internet service,No internet service,No internet service,Two year,Yes,credit card (automatic),19.2,1123.65,1190.3999999999999,66.74999999999977,0.9439264112903227,False,False,False,True,gap >2 months (gap=66.75)
3973-SKMLN,No,Male,0,No,No,71,Yes,No,No,No internet service,No internet service,No internet service,No internet service,No internet service,No internet service,Two year,Yes,credit card (automatic),19.9,1355.1,1412.8999999999999,57.799999999999955,0.9590912308018968,False,False,False,True,gap >2 months (gap=57.80)
4007-NHVHI,No,Female,1,No,No,56,Yes,Yes,Fiber optic,Yes,Yes,No,No,No,Yes,Month-to-month,Yes,electronic check,96.85,5219.65,5423.599999999999,203.94999999999982,0.9623958256508592,False,False,False,True,gap >2 months (gap=203.95)
4060-BTPXO,,Female,0,Yes,No,67,Yes,Yes,Fiber optic,No,Yes,Yes,No,Yes,Yes,One year,Yes,bank transfer (automatic),105.7,6816.95,7081.900000000001,264.9500000000007,0.9625877236334881,False,False,False,True,gap >2 months (gap=264.95)
4079-ULGFR,No,Male,0,No,No,16,Yes,No,No,No internet service,No internet service,No internet service,No internet service,No internet service,No internet service,Month-to-month,No,mailed check,20.0,275.7,320.0,44.30000000000001,0.8615625,False,False,False,True,gap >2 months (gap=44.30)
4086-WITJG,No,Male,0,Yes,Yes,71,Yes,No,No,No internet service,No internet service,No internet service,No internet service,No internet service,No internet service,Two year,No,credit card (automatic),19.7,1301.1,1398.7,97.60000000000014,0.9302209194251805,False,False,False,True,gap >2 months (gap=97.60)
4087-ULYNQ,,Female,0,Yes,Yes,47,Yes,No,No,No internet service,No internet service,No internet service,No internet service,No internet service,No internet service,Two year,No,credit card (automatic),20.25,873.4,951.75,78.35000000000002,0.9176779616495928,False,False,False,True,gap >2 months (gap=78.35)
4102-BEFEK,,Male,0,No,No,62,Yes,No,No,No internet service,No internet service,No internet service,No internet service,No internet service,No internet service,Two year,Yes,credit card (automatic),20.05,1201.65,1243.1000000000001,41.450000000000045,0.9666559407931783,False,False,False,True,gap >2 months (gap=41.45)
4137-JOPHL,No,Female,0,No,No,50,Yes,No,Fiber optic,No,No,Yes,Yes,No,Yes,Two year,Yes,bank transfer (automatic),89.7,4304.5,4485.0,180.5,0.9597547380156076,False,False,False,True,gap >2 months (gap=180.50)
4163-NCJAK,No,Female,0,Yes,No,46,Yes,Yes,No,No internet service,No internet service,No internet service,No internet service,No internet service,No internet service,One year,Yes,bank transfer (automatic),24.45,1066.15,1124.7,58.549999999999955,0.9479416733351116,False,False,False,True,gap >2 months (gap=58.55)
4277-BWBML,No,Male,0,Yes,Yes,72,Yes,No,No,No internet service,No internet service,No internet service,No internet service,No internet service,No internet service,Two year,No,bank transfer (automatic),19.95,1322.85,1436.3999999999999,113.54999999999995,0.9209482038429407,False,False,False,True,gap >2 months (gap=113.55)
4291-YZODP,No,Female,0,No,Yes,7,Yes,No,No,No internet service,No internet service,No internet service,No internet service,No internet service,No internet service,One year,No,mailed check,20.05,96.8,140.35,43.55,0.6897043106519416,False,False,False,True,paid <75% expected (ratio=0.69); gap >2 months (gap=43.55)
4312-GVYNH,No,Female,0,Yes,No,70,No,No phone service,DSL,Yes,No,Yes,Yes,No,Yes,Two year,Yes,bank transfer (automatic),49.85,3370.2,3489.5,119.30000000000018,0.9658117208769164,False,False,False,True,gap >2 months (gap=119.30)
4312-KFRXN,No,Male,0,Yes,No,72,Yes,Yes,No,No internet service,No internet service,No internet service,No internet service,No internet service,No internet service,Two year,No,mailed check,25.4,1710.9,1828.8,117.89999999999986,0.9355314960629922,False,False,False,True,gap >2 months (gap=117.90)
4323-ELYYB,No,Male,0,Yes,Yes,13,Yes,No,No,No internet service,No internet service,No internet service,No internet service,No internet service,No internet service,One year,No,mailed check,20.0,218.55,260.0,41.44999999999999,0.8405769230769231,False,False,False,True,gap >2 months (gap=41.45)
4334-HOWRP,No,Male,1,Yes,No,72,No,No phone service,DSL,Yes,Yes,Yes,Yes,Yes,Yes,Two year,Yes,credit card (automatic),64.95,4546.0,4676.400000000001,130.40000000000055,0.9721153023693438,False,False,False,True,gap >2 months (gap=130.40)
4342-HFXWS,No,Female,0,Yes,Yes,48,Yes,No,DSL,Yes,No,Yes,Yes,Yes,No,One year,No,bank transfer (automatic),69.7,3023.65,3345.6000000000004,321.9500000000003,0.9037691296030607,False,False,False,True,gap >2 months (gap=321.95)
4381-MHQDC,No,Female,0,No,No,47,Yes,Yes,DSL,Yes,No,Yes,Yes,No,No,Two year,Yes,mailed check,65.0,2879.9,3055.0,175.0999999999999,0.942684124386252,False,False,False,True,gap >2 months (gap=175.10)
4402-FTBXC,No,Male,0,No,No,54,Yes,No,Fiber optic,Yes,No,Yes,No,Yes,No,Month-to-month,No,mailed check,89.8,4667.0,4849.2,182.19999999999982,0.9624267920481729,False,False,False,True,gap >2 months (gap=182.20)
4451-RWASJ,No,Male,0,Yes,Yes,15,Yes,No,No,No internet service,No internet service,No internet service,No internet service,No internet service,No internet service,One year,Yes,mailed check,19.5,239.75,292.5,52.75,0.8196581196581196,False,False,False,True,gap >2 months (gap=52.75)
4530-NDRKU,No,Female,0,Yes,Yes,42,Yes,No,No,No internet service,No internet service,No internet service,No internet service,No internet service,No internet service,One year,Yes,electronic check,19.05,761.85,800.1,38.25,0.952193475815523,False,False,False,True,gap >2 months (gap=38.25)
4597-ELFTS,Yes,Male,0,No,No,56,Yes,Yes,No,No internet service,No internet service,No internet service,No internet service,No internet service,No internet service,One year,No,electronic check,24.9,1334.0,1394.3999999999999,60.399999999999864,0.9566838783706254,False,False,False,True,gap >2 months (gap=60.40)
4603-FDONU,,Female,0,Yes,Yes,32,No,No phone service,DSL,Yes,Yes,No,No,No,No,Month-to-month,Yes,electronic check,35.15,1051.05,1124.8,73.75,0.9344327880512091,False,False,False,True,gap >2 months (gap=73.75)
4612-THJBS,Yes,Female,1,No,No,56,Yes,Yes,Fiber optic,No,Yes,Yes,No,Yes,Yes,One year,Yes,bank transfer (automatic),104.75,5510.65,5866.0,355.35000000000036,0.9394220934197067,False,False,False,True,gap >2 months (gap=355.35)
4628-CTTLA,Yes,Male,0,No,No,57,No,No phone service,DSL,No,Yes,No,No,Yes,No,Month-to-month,Yes,electronic check,39.3,2111.45,2240.1,128.6500000000001,0.9425695281460649,False,False,False,True,gap >2 months (gap=128.65)
4644-OBGFZ,No,Male,0,Yes,Yes,55,Yes,No,No,No internet service,No internet service,No internet service,No internet service,No internet service,No internet service,One year,No,mailed check,19.5,1026.35,1072.5,46.15000000000009,0.9569696969696969,False,False,False,True,gap >2 months (gap=46.15)
4671-VJLCL,No,Female,0,No,No,63,Yes,Yes,DSL,Yes,Yes,Yes,Yes,Yes,No,Two year,Yes,credit card (automatic),79.85,4861.45,5030.549999999999,169.09999999999945,0.9663853852958425,False,False,False,True,gap >2 months (gap=169.10)
4737-AQCPU,No,Male,0,Yes,Yes,72,Yes,Yes,DSL,Yes,Yes,Yes,Yes,No,No,Two year,No,credit card (automatic),72.1,5016.65,5191.2,174.55000000000018,0.9663757897981199,False,False,False,True,gap >2 months (gap=174.55)
4753-PADAS,No,Female,0,Yes,No,67,Yes,Yes,Fiber optic,No,Yes,Yes,No,Yes,Yes,One year,Yes,bank transfer (automatic),105.7,6816.95,7081.900000000001,264.9500000000007,0.9625877236334881,False,False,False,True,gap >2 months (gap=264.95)
4778-IZARL,No,Male,0,Yes,No,63,Yes,No,Fiber optic,Yes,Yes,Yes,Yes,Yes,Yes,Two year,Yes,credit card (automatic),110.1,6705.7,6936.299999999999,230.59999999999945,0.966754609806381,False,False,False,True,gap >2 months (gap=230.60)
4785-FCIFB,No,Female,0,Yes,No,61,Yes,Yes,No,No internet service,No internet service,No internet service,No internet service,No internet service,No internet service,Two year,No,mailed check,24.4,1417.9,1488.3999999999999,70.49999999999977,0.9526337006181136,False,False,False,True,gap >2 months (gap=70.50)
4795-UXVCJ,No,Male,0,No,No,26,Yes,No,No,No internet service,No internet service,No internet service,No internet service,No internet service,No internet service,One year,No,credit card (automatic),19.8,457.3,514.8000000000001,57.50000000000006,0.8883061383061382,False,False,False,True,gap >2 months (gap=57.50)
4803-LBYPN,No,Male,0,Yes,Yes,34,Yes,No,No,No internet service,No internet service,No internet service,No internet service,No internet service,No internet service,Month-to-month,No,mailed check,20.8,635.9,707.2,71.30000000000007,0.8991798642533936,False,False,False,True,gap >2 months (gap=71.30)
4806-DXQCE,No,Female,1,Yes,No,70,Yes,Yes,Fiber optic,Yes,Yes,Yes,Yes,Yes,Yes,Two year,Yes,electronic check,113.65,7714.65,7955.5,240.85000000000036,0.9697253472440449,False,False,False,True,gap >2 months (gap=240.85)
4817-KEQSP,No,Female,0,Yes,Yes,71,Yes,No,No,No internet service,No internet service,No internet service,No internet service,No internet service,No internet service,Two year,No,bank transfer (automatic),19.85,1326.35,1409.3500000000001,83.00000000000023,0.9411076027956149,False,False,False,True,gap >2 months (gap=83.00)
4821-WQOYN,No,Female,0,Yes,Yes,72,Yes,No,No,No internet service,No internet service,No internet service,No internet service,No internet service,No internet service,Two year,Yes,credit card (automatic),20.1,1326.25,1447.2,120.95000000000005,0.9164248203427308,False,False,False,True,gap >2 months (gap=120.95)
4837-PZTIC,No,Female,0,No,No,47,No,No phone service,DSL,Yes,No,Yes,Yes,No,No,Two year,No,mailed check,41.9,1875.25,1969.3,94.04999999999995,0.9522419133702331,False,False,False,True,gap >2 months (gap=94.05)
4896-CPRPF,No,Male,0,Yes,Yes,35,Yes,Yes,No,No internet service,No internet service,No internet service,No internet service,No internet service,No internet service,Two year,No,bank transfer (automatic),25.45,809.25,890.75,81.5,0.9085040696042661,False,False,False,True,gap >2 months (gap=81.50)
4955-VCWBI,No,Female,0,Yes,Yes,43,Yes,No,No,No internet service,No internet service,No internet service,No internet service,No internet service,No internet service,One year,No,mailed check,20.0,817.95,860.0,42.049999999999955,0.9511046511627907,False,False,False,True,gap >2 months (gap=42.05)
4962-CHQPW,No,Male,0,No,Yes,29,Yes,No,No,No internet service,No internet service,No internet service,No internet service,No internet service,No internet service,One year,No,mailed check,19.85,535.05,575.6500000000001,40.600000000000136,0.9294710327455917,False,False,False,True,gap >2 months (gap=40.60)
4976-LNFVV,No,Male,1,Yes,No,19,No,No phone service,DSL,No,Yes,Yes,No,No,No,Month-to-month,Yes,credit card (automatic),34.3,577.15,651.6999999999999,74.54999999999995,0.8856068743286789,False,False,False,True,gap >2 months (gap=74.55)
4990-ALDGW,No,Male,0,No,No,57,Yes,No,No,No internet service,No internet service,No internet service,No internet service,No internet service,No internet service,Two year,No,mailed check,20.75,1118.8,1182.75,63.950000000000045,0.9459310927922214,False,False,False,True,gap >2 months (gap=63.95)
5006-MXVRN,No,Female,0,No,No,39,Yes,No,No,No internet service,No internet service,No internet service,No internet service,No internet service,No internet service,Two year,No,credit card (automatic),20.7,762.45,807.3,44.84999999999991,0.9444444444444445,False,False,False,True,gap >2 months (gap=44.85)
5016-LIPDW,No,Male,0,Yes,Yes,57,Yes,No,No,No internet service,No internet service,No internet service,No internet service,No internet service,No internet service,One year,No,mailed check,19.4,1061.6,1105.8,44.200000000000045,0.9600289383251944,False,False,False,True,gap >2 months (gap=44.20)
5115-GZDEL,No,Male,0,No,Yes,72,No,No phone service,DSL,Yes,Yes,Yes,Yes,Yes,Yes,Two year,No,credit card (automatic),67.2,4671.7,4838.400000000001,166.70000000000073,0.9655464616402115,False,False,False,True,gap >2 months (gap=166.70)
5115-SQAAU,No,Female,0,Yes,Yes,69,Yes,Yes,No,No internet service,No internet service,No internet service,No internet service,No internet service,No internet service,Two year,Yes,bank transfer (automatic),25.6,1673.4,1766.4,93.0,0.9473505434782609,False,False,False,True,gap >2 months (gap=93.00)
5127-BZENZ,No,Female,0,Yes,Yes,56,Yes,Yes,DSL,Yes,No,No,No,Yes,No,One year,No,bank transfer (automatic),65.2,3512.15,3651.2000000000003,139.05000000000018,0.9619166301489921,False,False,False,True,gap >2 months (gap=139.05)
5130-YPIRV,No,Female,0,Yes,No,62,Yes,No,DSL,Yes,Yes,Yes,No,Yes,No,Two year,Yes,credit card (automatic),72.0,4284.2,4464.0,179.80000000000018,0.9597222222222221,False,False,False,True,gap >2 months (gap=179.80)
5144-PQCDZ,No,Male,0,No,No,4,Yes,No,No,No internet service,No internet service,No internet service,No internet service,No internet service,No internet service,Month-to-month,Yes,mailed check,19.95,59.25,79.8,20.549999999999997,0.7424812030075189,False,False,False,True,paid <75% expected (ratio=0.74)
5171-EPLKN,No,Male,0,No,No,27,Yes,No,No,No internet service,No internet service,No internet service,No internet service,No internet service,No internet service,Two year,No,credit card (automatic),19.85,470.0,535.95,65.95000000000005,0.8769474764436981,False,False,False,True,gap >2 months (gap=65.95)
5186-PEIZU,No,Female,0,No,No,35,Yes,No,No,No internet service,No internet service,No internet service,No internet service,No internet service,No internet service,Month-to-month,No,bank transfer (automatic),19.25,617.65,673.75,56.10000000000002,0.916734693877551,False,False,False,True,gap >2 months (gap=56.10)
5201-CBWYG,No,Male,0,Yes,Yes,62,Yes,Yes,No,No internet service,No internet service,No internet service,No internet service,No internet service,No internet service,One year,No,bank transfer (automatic),24.8,1476.25,1537.6000000000001,61.350000000000136,0.9601001560874088,False,False,False,True,gap >2 months (gap=61.35)
5203-XEHAX,No,Female,0,No,No,34,Yes,No,DSL,Yes,Yes,No,No,No,Yes,One year,No,electronic check,64.35,2053.05,2187.8999999999996,134.84999999999945,0.9383655560126151,False,False,False,True,gap >2 months (gap=134.85)
5329-KRDTM,No,Male,1,Yes,No,72,Yes,Yes,DSL,No,Yes,Yes,Yes,Yes,No,Two year,No,credit card (automatic),77.35,5396.25,5569.2,172.94999999999982,0.9689452704158587,False,False,False,True,gap >2 months (gap=172.95)
5380-XPJNZ,No,Female,0,No,No,38,Yes,No,No,No internet service,No internet service,No internet service,No internet service,No internet service,No internet service,One year,No,mailed check,20.05,678.2,761.9,83.69999999999993,0.8901430633941463,False,False,False,True,gap >2 months (gap=83.70)
5397-NSKQG,No,Male,0,Yes,Yes,67,No,No phone service,DSL,Yes,No,No,No,Yes,Yes,Two year,No,credit card (automatic),50.9,3281.65,3410.2999999999997,128.64999999999964,0.9622760460956515,False,False,False,True,gap >2 months (gap=128.65)
5468-BPMMO,No,Male,0,Yes,No,46,Yes,No,No,No internet service,No internet service,No internet service,No internet service,No internet service,No internet service,Month-to-month,No,electronic check,19.6,851.2,901.6,50.39999999999998,0.9440993788819876,False,False,False,True,gap >2 months (gap=50.40)
5546-BYZSM,No,Female,0,No,No,41,Yes,No,No,No internet service,No internet service,No internet service,No internet service,No internet service,No internet service,Month-to-month,No,electronic check,20.45,775.6,838.4499999999999,62.84999999999991,0.9250402528475163,False,False,False,True,gap >2 months (gap=62.85)
5567-GZKQY,No,Male,0,No,No,58,Yes,No,No,No internet service,No internet service,No internet service,No internet service,No internet service,No internet service,Two year,No,credit card (automatic),20.3,1131.5,1177.4,45.90000000000009,0.9610157975199591,False,False,False,True,gap >2 months (gap=45.90)
5627-TVBPP,No,Female,0,No,Yes,35,Yes,No,No,No internet service,No internet service,No internet service,No internet service,No internet service,No internet service,One year,Yes,credit card (automatic),20.1,644.5,703.5,59.0,0.916133617626155,False,False,False,True,gap >2 months (gap=59.00)
5651-CRHKQ,No,Female,0,Yes,No,41,Yes,No,Fiber optic,No,Yes,Yes,Yes,No,No,One year,Yes,bank transfer (automatic),86.2,3339.05,3534.2000000000003,195.1500000000001,0.9447824118612416,False,False,False,True,gap >2 months (gap=195.15)
5730-DBDSI,No,Male,0,No,No,66,Yes,No,No,No internet service,No internet service,No internet service,No internet service,No internet service,No internet service,Two year,No,bank transfer (automatic),19.7,1253.8,1300.2,46.40000000000009,0.9643131825872941,False,False,False,True,gap >2 months (gap=46.40)
5774-QPLTF,No,Male,0,Yes,Yes,50,Yes,No,No,No internet service,No internet service,No internet service,No internet service,No internet service,No internet service,One year,Yes,mailed check,20.35,938.95,1017.5000000000001,78.55000000000007,0.9228009828009828,False,False,False,True,gap >2 months (gap=78.55)
5787-KXGIY,No,Male,0,Yes,No,72,Yes,No,No,No internet service,No internet service,No internet service,No internet service,No internet service,No internet service,Two year,No,credit card (automatic),19.3,1304.8,1389.6000000000001,84.80000000000018,0.9389752446747264,False,False,False,True,gap >2 months (gap=84.80)
5845-BZZIB,No,Male,0,Yes,Yes,35,Yes,No,No,No internet service,No internet service,No internet service,No internet service,No internet service,No internet service,Two year,No,mailed check,20.1,655.3,703.5,48.200000000000045,0.9314854299928926,False,False,False,True,gap >2 months (gap=48.20)
5876-QMYLD,No,Female,0,Yes,Yes,23,Yes,No,No,No internet service,No internet service,No internet service,No internet service,No internet service,No internet service,One year,No,mailed check,20.05,415.1,461.15000000000003,46.05000000000001,0.9001409519679063,False,False,False,True,gap >2 months (gap=46.05)
5906-CVLHP,Yes,Female,0,Yes,Yes,45,Yes,No,DSL,No,Yes,No,Yes,No,No,One year,Yes,credit card (automatic),54.15,2319.8,2436.75,116.94999999999982,0.952005745357546,False,False,False,True,gap >2 months (gap=116.95)
5917-RYRMG,No,Male,1,No,No,32,Yes,No,No,No internet service,No internet service,No internet service,No internet service,No internet service,No internet service,One year,No,credit card (automatic),19.8,587.7,633.6,45.89999999999998,0.9275568181818182,False,False,False,True,gap >2 months (gap=45.90)
5970-GHJAW,No,Male,0,Yes,Yes,46,Yes,No,No,No internet service,No internet service,No internet service,No internet service,No internet service,No internet service,Two year,No,credit card (automatic),19.95,862.4,917.6999999999999,55.299999999999955,0.9397406559877957,False,False,False,True,gap >2 months (gap=55.30)
5995-SNNEW,No,Male,1,Yes,No,23,Yes,Yes,Fiber optic,No,Yes,Yes,No,Yes,Yes,Month-to-month,Yes,electronic check,104.45,2184.85,2402.35,217.5,0.9094636501758695,False,False,False,True,gap >2 months (gap=217.50)
6048-UWKAL,No,Female,1,Yes,No,69,Yes,Yes,Fiber optic,No,Yes,No,Yes,Yes,Yes,Two year,No,credit card (automatic),105.4,6998.95,7272.6,273.65000000000055,0.962372466518164,False,False,False,True,gap >2 months (gap=273.65)
6051-PTVNS,No,Female,0,Yes,Yes,55,Yes,No,No,No internet service,No internet service,No internet service,No internet service,No internet service,No internet service,One year,No,credit card (automatic),19.15,998.1,1053.25,55.14999999999998,0.9476382625207691,False,False,False,True,gap >2 months (gap=55.15)
6139-ZZRBQ,No,Male,1,No,No,64,Yes,No,No,No internet service,No internet service,No internet service,No internet service,No internet service,No internet service,Two year,Yes,bank transfer (automatic),20.05,1198.05,1283.2,85.15000000000009,0.9336424563591021,False,False,False,True,gap >2 months (gap=85.15)
6173-GOLSU,No,Male,1,Yes,No,67,Yes,Yes,Fiber optic,No,No,No,No,Yes,Yes,Month-to-month,Yes,credit card (automatic),94.65,6079.0,6341.55,262.5500000000002,0.9585984499057801,False,False,False,True,gap >2 months (gap=262.55)
6199-IPCAO,No,Female,0,Yes,Yes,29,Yes,Yes,No,No internet service,No internet service,No internet service,No internet service,No internet service,No internet service,Two year,No,mailed check,26.1,692.55,756.9000000000001,64.35000000000014,0.9149821640903685,False,False,False,True,gap >2 months (gap=64.35)
6240-EURKS,Yes,Female,0,No,Yes,18,No,No phone service,DSL,No,No,No,No,No,Yes,Month-to-month,Yes,electronic check,35.0,553.0,630.0,77.0,0.8777777777777778,False,False,False,True,gap >2 months (gap=77.00)
6248-TKCQV,No,Female,0,Yes,Yes,70,Yes,Yes,DSL,Yes,No,No,Yes,Yes,Yes,Two year,Yes,bank transfer (automatic),80.6,5460.2,5642.0,181.80000000000018,0.9677773839064161,False,False,False,True,gap >2 months (gap=181.80)
6284-KMNUF,No,Female,0,Yes,No,56,Yes,Yes,Fiber optic,Yes,No,No,No,Yes,Yes,One year,Yes,electronic check,98.0,5270.6,5488.0,217.39999999999964,0.9603862973760934,False,False,False,True,gap >2 months (gap=217.40)
6303-APKJD,,Male,1,Yes,No,57,Yes,Yes,Fiber optic,No,Yes,No,No,No,Yes,Month-to-month,Yes,electronic check,89.85,4925.35,5121.45,196.09999999999945,0.9617100625799335,False,False,False,True,gap >2 months (gap=196.10)
6323-AYBRX,Yes,Male,0,No,No,59,Yes,No,No,No internet service,No internet service,No internet service,No internet service,No internet service,No internet service,Two year,No,mailed check,19.35,1099.6,1141.65,42.05000000000018,0.9631673455086934,False,False,False,True,gap >2 months (gap=42.05)
6360-SVNWV,No,Female,1,No,No,31,Yes,No,Fiber optic,Yes,No,No,No,No,No,Month-to-month,Yes,credit card (automatic),73.55,2094.65,2280.0499999999997,185.39999999999964,0.9186859937282079,False,False,False,True,gap >2 months (gap=185.40)
6425-JWTDV,No,Male,0,Yes,No,48,Yes,No,No,No internet service,No internet service,No internet service,No internet service,No internet service,No internet service,Two year,No,mailed check,19.25,855.1,924.0,68.89999999999998,0.9254329004329005,False,False,False,True,gap >2 months (gap=68.90)
6504-VBLFL,No,Male,0,Yes,No,55,Yes,No,DSL,Yes,Yes,Yes,No,No,No,Two year,No,electronic check,58.6,3068.6,3223.0,154.4000000000001,0.9520943220601923,False,False,False,True,gap >2 months (gap=154.40)
6509-TSGWN,No,Female,0,Yes,Yes,37,Yes,Yes,No,No internet service,No internet service,No internet service,No internet service,No internet service,No internet service,Month-to-month,No,mailed check,26.45,911.6,978.65,67.04999999999995,0.9314872528483115,False,False,False,True,gap >2 months (gap=67.05)
6532-YLWSI,Yes,Female,0,Yes,No,53,Yes,No,No,No internet service,No internet service,No internet service,No internet service,No internet service,No internet service,One year,No,bank transfer (automatic),20.8,1021.8,1102.4,80.60000000000014,0.9268867924528301,False,False,False,True,gap >2 months (gap=80.60)
6547-ETRKK,,Female,0,Yes,No,53,Yes,No,No,No internet service,No internet service,No internet service,No internet service,No internet service,No internet service,One year,No,bank transfer (automatic),20.8,1021.8,1102.4,80.60000000000014,0.9268867924528301,False,False,False,True,gap >2 months (gap=80.60)
6585-WCEWR,No,Male,0,Yes,Yes,72,Yes,No,No,No internet service,No internet service,No internet service,No internet service,No internet service,No internet service,Two year,No,electronic check,20.35,1354.4,1465.2,110.79999999999995,0.9243789243789244,False,False,False,True,gap >2 months (gap=110.80)
6619-RPLQZ,No,Female,0,Yes,Yes,45,Yes,No,No,No internet service,No internet service,No internet service,No internet service,No internet service,No internet service,Two year,No,mailed check,20.85,892.15,938.2500000000001,46.100000000000136,0.9508659738875564,False,False,False,True,gap >2 months (gap=46.10)
6621-NRZAK,No,Female,0,Yes,Yes,63,Yes,No,No,No internet service,No internet service,No internet service,No internet service,No internet service,No internet service,Two year,No,credit card (automatic),20.0,1209.25,1260.0,50.75,0.9597222222222223,False,False,False,True,gap >2 months (gap=50.75)
6627-CFOSN,No,Female,0,No,No,59,Yes,Yes,Fiber optic,Yes,Yes,Yes,No,No,Yes,Month-to-month,Yes,bank transfer (automatic),99.45,5623.7,5867.55,243.85000000000036,0.9584409165665396,False,False,False,True,gap >2 months (gap=243.85)
6651-RLGGM,No,Male,0,Yes,Yes,67,Yes,Yes,No,No internet service,No internet service,No internet service,No internet service,No internet service,No internet service,Two year,No,mailed check,26.3,1688.9,1762.1000000000001,73.20000000000005,0.9584586572839225,False,False,False,True,gap >2 months (gap=73.20)
6729-FZWSY,No,Male,0,No,No,67,Yes,No,No,No internet service,No internet service,No internet service,No internet service,No internet service,No internet service,One year,Yes,mailed check,19.45,1195.95,1303.1499999999999,107.19999999999982,0.917737789203085,False,False,False,True,gap >2 months (gap=107.20)
6855-VLGOS,No,Male,0,Yes,Yes,72,Yes,No,No,No internet service,No internet service,No internet service,No internet service,No internet service,No internet service,Two year,No,electronic check,20.55,1432.55,1479.6000000000001,47.05000000000018,0.9682008650986752,False,False,False,True,gap >2 months (gap=47.05)
6865-JZNKO,No,Female,0,No,No,30,Yes,No,DSL,Yes,Yes,No,No,No,No,Month-to-month,Yes,bank transfer (automatic),55.3,1530.6,1659.0,128.4000000000001,0.9226039783001808,False,False,False,True,gap >2 months (gap=128.40)
6917-FIJHC,No,Female,0,Yes,No,72,Yes,Yes,No,No internet service,No internet service,No internet service,No internet service,No internet service,No internet service,Two year,Yes,mailed check,26.0,1776.0,1872.0,96.0,0.9487179487179487,False,False,False,True,gap >2 months (gap=96.00)
6924-TDGMT,No,Male,0,Yes,No,11,Yes,No,No,No internet service,No internet service,No internet service,No internet service,No internet service,No internet service,One year,Yes,mailed check,20.55,184.95,226.05,41.10000000000002,0.8181818181818181,False,False,False,True,gap >2 months (gap=41.10)
6925-BAYGL,No,Female,1,Yes,No,53,Yes,Yes,No,No internet service,No internet service,No internet service,No internet service,No internet service,No internet service,Two year,No,credit card (automatic),25.1,1275.6,1330.3000000000002,54.70000000000027,0.9588814553108319,False,False,False,True,gap >2 months (gap=54.70)
6980-CDGFC,No,Female,0,Yes,No,67,Yes,No,No,No internet service,No internet service,No internet service,No internet service,No internet service,No internet service,One year,Yes,bank transfer (automatic),20.85,1327.4,1396.95,69.54999999999995,0.9502129639571925,False,False,False,True,gap >2 months (gap=69.55)
7009-PCARS,No,Male,0,No,Yes,55,Yes,No,No,No internet service,No internet service,No internet service,No internet service,No internet service,No internet service,One year,No,bank transfer (automatic),19.1,1001.5,1050.5,49.0,0.9533555449785817,False,False,False,True,gap >2 months (gap=49.00)
7074-STDCN,No,Male,0,No,No,39,No,No phone service,DSL,No,No,No,Yes,No,Yes,Month-to-month,Yes,electronic check,40.6,1494.5,1583.4,88.90000000000009,0.9438549955791334,False,False,False,True,gap >2 months (gap=88.90)
7077-XJMET,No,Male,0,Yes,No,12,Yes,No,DSL,No,No,Yes,Yes,Yes,Yes,Month-to-month,Yes,electronic check,74.15,741.4,889.8000000000001,148.4000000000001,0.833220948527759,False,False,False,True,gap >2 months (gap=148.40)
7078-NVFAM,No,Female,0,Yes,Yes,32,No,No phone service,DSL,Yes,Yes,No,No,No,No,Month-to-month,Yes,electronic check,35.15,1051.05,1124.8,73.75,0.9344327880512091,False,False,False,True,gap >2 months (gap=73.75)
7103-ZGVNT,No,Female,0,Yes,Yes,69,Yes,Yes,DSL,Yes,Yes,No,Yes,Yes,No,One year,No,credit card (automatic),73.7,4885.85,5085.3,199.44999999999982,0.9607791084105166,False,False,False,True,gap >2 months (gap=199.45)
7113-HIPFI,No,Male,0,Yes,Yes,66,Yes,No,DSL,Yes,Yes,Yes,Yes,No,No,Two year,No,mailed check,65.85,4097.05,4346.099999999999,249.04999999999927,0.9426957502128347,False,False,False,True,gap >2 months (gap=249.05)
7114-AEOZE,No,Female,0,No,No,60,Yes,No,No,No internet service,No internet service,No internet service,No internet service,No internet service,No internet service,Two year,No,bank transfer (automatic),19.85,1128.1,1191.0,62.90000000000009,0.9471872376154491,False,False,False,True,gap >2 months (gap=62.90)
7137-NAXML,No,Male,0,No,No,23,Yes,No,No,No internet service,No internet service,No internet service,No internet service,No internet service,No internet service,One year,No,bank transfer (automatic),20.15,405.6,463.45,57.849999999999966,0.8751753155680225,False,False,False,True,gap >2 months (gap=57.85)
7157-SMCFK,No,Male,0,No,Yes,61,Yes,No,No,No internet service,No internet service,No internet service,No internet service,No internet service,No internet service,Two year,No,mailed check,19.75,1124.2,1204.75,80.54999999999995,0.9331396555301931,False,False,False,True,gap >2 months (gap=80.55)
7176-WRTNX,No,Male,0,No,No,70,Yes,Yes,Fiber optic,Yes,Yes,Yes,Yes,Yes,Yes,Two year,Yes,bank transfer (automatic),114.95,7711.25,8046.5,335.25,0.9583359224507549,False,False,False,True,gap >2 months (gap=335.25)
7225-IILWY,No,Male,0,Yes,Yes,68,Yes,Yes,No,No internet service,No internet service,No internet service,No internet service,No internet service,No internet service,Two year,No,mailed check,25.75,1686.15,1751.0,64.84999999999991,0.9629640205596802,False,False,False,True,gap >2 months (gap=64.85)
7242-EDTYC,No,Male,0,No,Yes,44,Yes,No,No,No internet service,No internet service,No internet service,No internet service,No internet service,No internet service,Two year,No,bank transfer (automatic),19.55,819.95,860.2,40.25,0.9532085561497327,False,False,False,True,gap >2 months (gap=40.25)
7274-CGTOD,No,Male,0,No,No,62,No,No phone service,DSL,Yes,Yes,Yes,Yes,No,No,Two year,Yes,bank transfer (automatic),43.7,2618.3,2709.4,91.09999999999991,0.9663763194803278,False,False,False,True,gap >2 months (gap=91.10)
7293-LSCDV,No,Female,0,Yes,Yes,60,Yes,No,No,No internet service,No internet service,No internet service,No internet service,No internet service,No internet service,Two year,Yes,credit card (automatic),19.25,1103.25,1155.0,51.75,0.9551948051948052,False,False,False,True,gap >2 months (gap=51.75)
7319-ZNRTR,No,Male,0,Yes,Yes,25,Yes,No,No,No internet service,No internet service,No internet service,No internet service,No internet service,No internet service,One year,No,electronic check,19.6,411.15,490.00000000000006,78.85000000000008,0.8390816326530611,False,False,False,True,gap >2 months (gap=78.85)
7369-TRPFD,No,Male,0,No,No,19,Yes,No,No,No internet service,No internet service,No internet service,No internet service,No internet service,No internet service,One year,No,mailed check,18.8,279.2,357.2,78.0,0.7816349384098544,False,False,False,True,gap >2 months (gap=78.00)
7427-AUFPY,No,Male,0,No,No,54,Yes,No,No,No internet service,No internet service,No internet service,No internet service,No internet service,No internet service,Two year,No,credit card (automatic),19.65,1008.7,1061.1,52.399999999999864,0.9506172839506174,False,False,False,True,gap >2 months (gap=52.40)
7515-LODFU,No,Male,1,No,No,69,Yes,No,No,No internet service,No internet service,No internet service,No internet service,No internet service,No internet service,Two year,No,credit card (automatic),20.3,1356.3,1400.7,44.40000000000009,0.9683015635039622,False,False,False,True,gap >2 months (gap=44.40)
7529-ZDFXI,No,Male,1,Yes,No,57,Yes,Yes,Fiber optic,No,Yes,No,No,No,Yes,Month-to-month,Yes,electronic check,89.85,4925.35,5121.45,196.09999999999945,0.9617100625799335,False,False,False,True,gap >2 months (gap=196.10)
7596-ZYWBB,No,Female,0,No,No,65,Yes,No,DSL,Yes,Yes,No,Yes,No,No,Two year,Yes,mailed check,59.6,3739.8,3874.0,134.19999999999982,0.965358802271554,False,False,False,True,gap >2 months (gap=134.20)
7606-GWMKE,,Male,0,No,Yes,21,Yes,Yes,No,No internet service,No internet service,No internet service,No internet service,No internet service,No internet service,Month-to-month,No,mailed check,24.7,467.15,518.6999999999999,51.549999999999955,0.9006169269327164,False,False,False,True,gap >2 months (gap=51.55)
7608-RGIRO,No,Male,0,No,Yes,62,Yes,Yes,No,No internet service,No internet service,No internet service,No internet service,No internet service,No internet service,Two year,Yes,mailed check,24.4,1413.0,1512.8,99.79999999999995,0.9340296139608673,False,False,False,True,gap >2 months (gap=99.80)
7609-NRNCA,No,Female,0,No,No,17,Yes,No,No,No internet service,No internet service,No internet service,No internet service,No internet service,No internet service,One year,No,mailed check,19.55,280.85,332.35,51.5,0.8450428764856326,False,False,False,True,gap >2 months (gap=51.50)
7636-PEPNS,No,Female,0,Yes,Yes,58,Yes,No,DSL,No,No,No,No,No,No,One year,Yes,mailed check,44.1,2413.05,2557.8,144.75,0.9434083978418953,False,False,False,True,gap >2 months (gap=144.75)
7657-DYEPJ,Yes,Male,1,No,No,38,Yes,No,DSL,No,Yes,Yes,Yes,Yes,No,One year,Yes,credit card (automatic),70.15,2497.35,2665.7000000000003,168.35000000000036,0.9368458566230257,False,False,False,True,gap >2 months (gap=168.35)
7673-BQGKU,No,Female,0,Yes,Yes,69,Yes,No,No,No internet service,No internet service,No internet service,No internet service,No internet service,No internet service,Two year,No,bank transfer (automatic),20.15,1337.5,1390.35,52.84999999999991,0.961987988635955,False,False,False,True,gap >2 months (gap=52.85)
7684-XSZIY,No,Male,0,Yes,Yes,72,Yes,Yes,No,No internet service,No internet service,No internet service,No internet service,No internet service,No internet service,Two year,No,bank transfer (automatic),24.3,1643.25,1749.6000000000001,106.35000000000014,0.9392146776406035,False,False,False,True,gap >2 months (gap=106.35)
7941-RCJOW,No,Male,0,No,No,65,Yes,No,No,No internet service,No internet service,No internet service,No internet service,No internet service,No internet service,Two year,Yes,credit card (automatic),19.55,1218.65,1270.75,52.09999999999991,0.9590005902026363,False,False,False,True,gap >2 months (gap=52.10)
7945-PRBVF,No,Male,0,No,No,35,Yes,No,No,No internet service,No internet service,No internet service,No internet service,No internet service,No internet service,Two year,No,bank transfer (automatic),21.45,705.45,750.75,45.299999999999955,0.9396603396603397,False,False,False,True,gap >2 months (gap=45.30)
7951-QKZPL,Yes,Female,0,Yes,Yes,33,Yes,Yes,No,No internet service,No internet service,No internet service,No internet service,No internet service,No internet service,Two year,Yes,mailed check,24.5,740.3,808.5,68.20000000000005,0.9156462585034013,False,False,False,True,gap >2 months (gap=68.20)
7956-XQWGU,No,Male,0,No,No,27,Yes,No,No,No internet service,No internet service,No internet service,No internet service,No internet service,No internet service,Month-to-month,Yes,credit card (automatic),19.4,460.25,523.8,63.549999999999955,0.8786750668193968,False,False,False,True,gap >2 months (gap=63.55)
7989-AWGEH,No,Male,0,Yes,Yes,49,No,No phone service,DSL,Yes,No,No,No,No,Yes,Month-to-month,Yes,electronic check,39.2,1838.15,1920.8000000000002,82.65000000000009,0.9569710537276135,False,False,False,True,gap >2 months (gap=82.65)
8028-PNXHQ,No,Male,0,Yes,Yes,62,Yes,Yes,No,No internet service,No internet service,No internet service,No internet service,No internet service,No internet service,Two year,Yes,bank transfer (automatic),24.25,1424.6,1503.5,78.90000000000009,0.9475224476222148,False,False,False,True,gap >2 months (gap=78.90)
8191-XWSZG,No,Female,0,No,No,52,Yes,No,No,No internet service,No internet service,No internet service,No internet service,No internet service,No internet service,One year,No,mailed check,20.65,1022.95,1073.8,50.84999999999991,0.9526448128143045,False,False,False,True,gap >2 months (gap=50.85)
8224-KDLKN,No,Male,0,Yes,Yes,72,Yes,Yes,No,No internet service,No internet service,No internet service,No internet service,No internet service,No internet service,Two year,No,bank transfer (automatic),25.0,1738.9,1800.0,61.09999999999991,0.9660555555555556,False,False,False,True,gap >2 months (gap=61.10)
8285-ABVLB,No,Female,0,Yes,No,70,Yes,No,No,No internet service,No internet service,No internet service,No internet service,No internet service,No internet service,Two year,No,credit card (automatic),19.85,1328.35,1389.5,61.15000000000009,0.955991363799928,False,False,False,True,gap >2 months (gap=61.15)
8294-UIMBA,No,Female,0,No,No,30,Yes,No,Fiber optic,No,No,No,Yes,Yes,Yes,One year,Yes,bank transfer (automatic),94.4,2638.1,2832.0,193.9000000000001,0.9315324858757061,False,False,False,True,gap >2 months (gap=193.90)
8395-ETZKQ,No,Male,1,Yes,Yes,68,Yes,No,No,No internet service,No internet service,No internet service,No internet service,No internet service,No internet service,One year,No,bank transfer (automatic),19.5,1193.55,1326.0,132.45000000000005,0.9001131221719456,False,False,False,True,gap >2 months (gap=132.45)
8580-QVLOC,Yes,Female,1,Yes,Yes,72,Yes,Yes,DSL,Yes,Yes,Yes,Yes,Yes,Yes,Two year,No,credit card (automatic),92.45,6440.25,6656.400000000001,216.15000000000055,0.9675274923382008,False,False,False,True,gap >2 months (gap=216.15)
8587-XYZSF,No,Male,0,No,No,67,Yes,No,DSL,No,No,No,Yes,No,No,Two year,No,bank transfer (automatic),50.55,3260.1,3386.85,126.75,0.9625758448115506,False,False,False,True,gap >2 months (gap=126.75)
8647-SDTWQ,No,Male,0,Yes,Yes,57,Yes,Yes,Fiber optic,No,No,No,No,No,No,Month-to-month,Yes,electronic check,74.3,4018.35,4235.099999999999,216.74999999999955,0.948820570942835,False,False,False,True,gap >2 months (gap=216.75)
8727-JQFHV,No,Male,0,Yes,Yes,57,Yes,No,No,No internet service,No internet service,No internet service,No internet service,No internet service,No internet service,Two year,No,mailed check,20.75,1123.15,1182.75,59.59999999999991,0.9496089621644473,False,False,False,True,gap >2 months (gap=59.60)
8745-PVESG,No,Female,0,No,No,57,No,No phone service,DSL,Yes,No,Yes,Yes,No,No,One year,Yes,credit card (automatic),41.1,2258.25,2342.7000000000003,84.45000000000027,0.9639518504289921,False,False,False,True,gap >2 months (gap=84.45)
8755-IWJHN,No,Male,1,Yes,No,69,Yes,Yes,Fiber optic,No,Yes,Yes,No,No,Yes,Month-to-month,Yes,bank transfer (automatic),95.35,6382.0,6579.15,197.14999999999964,0.9700341229490133,False,False,False,True,gap >2 months (gap=197.15)
8774-QWEBD,,Male,0,Yes,Yes,40,Yes,No,No,No internet service,No internet service,No internet service,No internet service,No internet service,No internet service,Month-to-month,Yes,bank transfer (automatic),20.4,745.3,816.0,70.70000000000005,0.9133578431372549,False,False,False,True,gap >2 months (gap=70.70)
8779-YIQQA,No,Male,0,Yes,Yes,21,Yes,No,No,No internet service,No internet service,No internet service,No internet service,No internet service,No internet service,One year,No,mailed check,19.8,350.1,415.8,65.69999999999999,0.8419913419913421,False,False,False,True,gap >2 months (gap=65.70)
8815-LMFLX,No,Male,0,Yes,Yes,25,Yes,Yes,No,No internet service,No internet service,No internet service,No internet service,No internet service,No internet service,Month-to-month,Yes,bank transfer (automatic),25.4,546.85,635.0,88.14999999999998,0.8611811023622048,False,False,False,True,gap >2 months (gap=88.15)
8898-KASCD,No,Male,0,No,No,39,No,No phone service,DSL,No,No,Yes,Yes,No,No,One year,No,mailed check,35.55,1309.15,1386.4499999999998,77.29999999999973,0.9442460961448305,False,False,False,True,gap >2 months (gap=77.30)
8908-NMQTX,No,Male,0,No,No,72,No,No phone service,DSL,Yes,Yes,Yes,Yes,Yes,Yes,Two year,Yes,bank transfer (automatic),65.6,4566.5,4723.2,156.69999999999982,0.9668233401084011,False,False,False,True,gap >2 months (gap=156.70)
8958-JPTRR,No,Female,0,Yes,No,56,Yes,Yes,No,No internet service,No internet service,No internet service,No internet service,No internet service,No internet service,One year,No,electronic check,24.3,1261.7,1360.8,99.09999999999991,0.92717519106408,False,False,False,True,gap >2 months (gap=99.10)
8966-SNIZF,No,Female,0,Yes,No,70,Yes,No,No,No internet service,No internet service,No internet service,No internet service,No internet service,No internet service,Two year,No,bank transfer (automatic),19.45,1303.5,1361.5,58.0,0.9573999265515976,False,False,False,True,gap >2 months (gap=58.00)
9055-MOJJJ,No,Female,0,Yes,Yes,64,Yes,No,DSL,Yes,No,No,Yes,Yes,No,One year,No,mailed check,65.8,4068.0,4211.2,143.19999999999982,0.9659954407294833,False,False,False,True,gap >2 months (gap=143.20)
9081-WWXKP,No,Female,0,Yes,Yes,47,Yes,No,No,No internet service,No internet service,No internet service,No internet service,No internet service,No internet service,Two year,No,credit card (automatic),20.25,873.4,951.75,78.35000000000002,0.9176779616495928,False,False,False,True,gap >2 months (gap=78.35)
9092-GDZKO,No,Male,0,No,No,22,Yes,Yes,No,No internet service,No internet service,No internet service,No internet service,No internet service,No internet service,Month-to-month,Yes,credit card (automatic),24.85,493.4,546.7,53.30000000000007,0.9025059447594658,False,False,False,True,gap >2 months (gap=53.30)
9199-PWQVC,No,Female,0,Yes,No,63,Yes,Yes,DSL,Yes,Yes,No,No,Yes,Yes,One year,Yes,credit card (automatic),79.7,4786.15,5021.1,234.95000000000073,0.9532074644998106,False,False,False,True,gap >2 months (gap=234.95)
9220-CXRSC,No,Female,0,Yes,Yes,69,Yes,Yes,DSL,Yes,No,No,Yes,No,No,Two year,No,credit card (automatic),61.4,4059.85,4236.599999999999,176.74999999999955,0.9582802247084927,False,False,False,True,gap >2 months (gap=176.75)
9286-BHDQG,No,Male,0,Yes,Yes,72,No,No phone service,DSL,Yes,Yes,Yes,Yes,No,No,Two year,No,credit card (automatic),45.25,3139.8,3258.0,118.19999999999982,0.9637200736648251,False,False,False,True,gap >2 months (gap=118.20)
9342-VNIMQ,No,Male,0,No,No,33,Yes,Yes,DSL,No,Yes,No,No,No,No,Month-to-month,Yes,bank transfer (automatic),54.65,1665.2,1803.45,138.25,0.9233413734786104,False,False,False,True,gap >2 months (gap=138.25)
9365-CSLBQ,No,Male,0,No,Yes,71,Yes,Yes,No,No internet service,No internet service,No internet service,No internet service,No internet service,No internet service,Two year,No,mailed check,24.35,1654.6,1728.8500000000001,74.25000000000023,0.9570523758567833,False,False,False,True,gap >2 months (gap=74.25)
9396-ZSFLL,No,Female,0,No,No,15,Yes,Yes,DSL,No,No,No,No,No,No,Month-to-month,No,mailed check,48.85,631.4,732.75,101.35000000000002,0.8616854315933128,False,False,False,True,gap >2 months (gap=101.35)
9443-JUBUO,No,Male,0,Yes,Yes,72,No,No phone service,DSL,Yes,Yes,Yes,Yes,Yes,Yes,Two year,Yes,credit card (automatic),65.25,4478.85,4698.0,219.14999999999964,0.953352490421456,False,False,False,True,gap >2 months (gap=219.15)
9447-YPTBX,No,Female,0,Yes,No,50,Yes,No,No,No internet service,No internet service,No internet service,No internet service,No internet service,No internet service,One year,Yes,bank transfer (automatic),19.85,943.1,992.5000000000001,49.40000000000009,0.950226700251889,False,False,False,True,gap >2 months (gap=49.40)
9500-WBGRP,No,Male,0,No,No,69,Yes,No,No,No internet service,No internet service,No internet service,No internet service,No internet service,No internet service,Two year,Yes,mailed check,19.1,1268.85,1317.9,49.05000000000018,0.9627816981561574,False,False,False,True,gap >2 months (gap=49.05)
9503-XJUME,No,Male,0,No,Yes,52,Yes,No,No,No internet service,No internet service,No internet service,No internet service,No internet service,No internet service,One year,No,credit card (automatic),19.65,928.4,1021.8,93.39999999999998,0.908592679585046,False,False,False,True,gap >2 months (gap=93.40)
9522-BNTHX,No,Female,1,No,No,34,No,No phone service,DSL,No,Yes,Yes,No,Yes,Yes,Month-to-month,Yes,electronic check,56.25,1765.95,1912.5,146.54999999999995,0.9233725490196079,False,False,False,True,gap >2 months (gap=146.55)
9548-LIGTA,No,Male,0,Yes,No,61,Yes,No,DSL,Yes,Yes,No,Yes,Yes,Yes,Two year,Yes,mailed check,81.05,4747.65,4944.05,196.40000000000055,0.960275482650863,False,False,False,True,gap >2 months (gap=196.40)
9558-IHEZX,No,Female,0,No,No,71,Yes,Yes,Fiber optic,Yes,Yes,Yes,No,Yes,Yes,Two year,Yes,credit card (automatic),106.75,7283.25,7579.25,296.0,0.9609460038922057,False,False,False,True,gap >2 months (gap=296.00)
9574-BOSMD,No,Male,0,Yes,Yes,68,Yes,Yes,No,No internet service,No internet service,No internet service,No internet service,No internet service,No internet service,Two year,No,bank transfer (automatic),25.4,1620.2,1727.1999999999998,106.99999999999977,0.93805002315887,False,False,False,True,gap >2 months (gap=107.00)
9581-GVBXT,No,Male,0,Yes,Yes,59,No,No phone service,DSL,Yes,No,Yes,No,No,No,One year,No,mailed check,34.8,1980.3,2053.2,72.89999999999986,0.9644944476914086,False,False,False,True,gap >2 months (gap=72.90)
9805-FILKB,No,Male,0,Yes,Yes,46,Yes,No,No,No internet service,No internet service,No internet service,No internet service,No internet service,No internet service,One year,Yes,bank transfer (automatic),20.2,845.6,929.1999999999999,83.59999999999991,0.9100301334481276,False,False,False,True,gap >2 months (gap=83.60)
9824-QCJPK,No,Male,0,Yes,No,36,Yes,No,No,No internet service,No internet service,No internet service,No internet service,No internet service,No internet service,One year,No,mailed check,20.0,666.75,720.0,53.25,0.9260416666666667,False,False,False,True,gap >2 months (gap=53.25)
9853-JFZDU,No,Female,0,Yes,No,35,Yes,No,DSL,No,Yes,No,Yes,No,No,Month-to-month,No,electronic check,56.85,1861.1,1989.75,128.6500000000001,0.9353436361351928,False,False,False,True,gap >2 months (gap=128.65)
9933-QRGTX,No,Female,0,Yes,No,60,Yes,No,Fiber optic,Yes,No,No,Yes,Yes,Yes,Two year,Yes,electronic check,97.2,5611.75,5832.0,220.25,0.9622342249657064,False,False,False,True,gap >2 months (gap=220.25)
9945-PSVIP,No,Female,0,Yes,Yes,25,Yes,No,No,No internet service,No internet service,No internet service,No internet service,No internet service,No internet service,Two year,Yes,mailed check,18.7,383.65,467.5,83.85000000000002,0.8206417112299464,False,False,False,True,gap >2 months (gap=83.85)
9950-MTGYX,No,Male,0,Yes,Yes,28,Yes,No,No,No internet service,No internet service,No internet service,No internet service,No internet service,No internet service,Two year,Yes,credit card (automatic),20.3,487.95,568.4,80.44999999999999,0.8584623504574244,False,False,False,True,gap >2 months (gap=80.45)
9968-FFVVH,No,Male,0,No,No,63,Yes,Yes,DSL,Yes,Yes,Yes,Yes,No,No,One year,No,bank transfer (automatic),68.8,4111.35,4334.4,223.04999999999927,0.9485395902547067,False,False,False,True,gap >2 months (gap=223.05)
9975-GPKZU,No,Male,0,Yes,Yes,46,Yes,No,No,No internet service,No internet service,No internet service,No internet service,No internet service,No internet service,Two year,No,credit card (automatic),19.75,856.5,908.5,52.0,0.9427627958172813,False,False,False,True,gap >2 months (gap=52.00)
